"Chart data for Banking Deserts, Branch Closings, and Soft Information",,,,
http://libertystreeteconomics.newyorkfed.org/2016/03/banking-deserts-branch-closings-and-soft-information.html,,,,
,,,,
This file contains the latitude and longitude of census tracts in 2014 within “banking deserts” as that term is defined in the post.,,,,
Year,geoid2000,tract_latitude,tract_longitude,banking_desert
2014,1001020900,32.644428,-86.501249,1
2014,1001021000,32.631327,-86.756806,1
2014,1001021100,32.450201,-86.715589,1
2014,1003010100,31.122499,-87.766408,1
2014,1003010400,30.726021,-87.618428,1
2014,1011952100,32.102581,-85.525416,1
2014,1011952300,32.159961,-85.917857,1
2014,1011952400,31.974297,-85.753798,1
2014,1019956100,34.086206,-85.507339,1
2014,1031010200,31.547849,-85.899903,1
2014,1035960200,31.592925,-86.995899,1
2014,1037961100,33.006482,-86.353176,1
2014,1039962900,31.13468,-86.569134,1
2014,1043965700,33.952939,-87.028893,1
2014,1045020200,31.478109,-85.468697,1
2014,1047996900,32.339516,-87.231149,1
2014,1047997000,32.160603,-87.185749,1
2014,1053970400,31.169891,-87.472467,1
2014,1063060000,32.982994,-88.034241,1
2014,1063060200,32.681834,-87.938099,1
2014,1069041800,31.109305,-85.121086,1
2014,1079979900,34.425782,-87.458018,1
2014,1085981000,32.272594,-86.729314,1
2014,1085981100,32.090805,-86.76694,1
2014,1087982300,32.293418,-85.610394,1
2014,1099985600,31.745025,-87.13881,1
2014,1099985700,31.720983,-87.405672,1
2014,1099986200,31.320897,-87.596072,1
2014,1105986800,32.654194,-87.134169,1
2014,1113031200,32.223993,-85.126285,1
2014,1119991100,32.922584,-88.292346,1
2014,1119991200,32.780401,-88.196533,1
2014,1123991900,33.043428,-85.753232,1
2014,1125010102,33.449056,-87.468475,1
2014,1125010103,33.416483,-87.700673,1
2014,1129994300,31.290476,-88.320705,1
2014,1131994700,32.157434,-87.400569,1
2014,1131994900,31.932771,-87.007718,1
2014,2013000100,55.125713,-162.030237,1
2014,2016000100,52.220673,-175.130101,1
2014,2020002900,60.934446,-149.163643,1
2014,2050000100,60.422785,-162.453761,1
2014,2050000300,61.698128,-158.428577,1
2014,2070000100,59.259485,-158.653003,1
2014,2090001700,64.527625,-146.872886,1
2014,2122000100,60.544275,-152.651552,1
2014,2122000200,60.721914,-151.128818,1
2014,2122000300,60.564083,-149.527658,1
2014,2122000400,60.474735,-150.725201,1
2014,2122000800,59.913678,-151.644574,1
2014,2122001100,59.731632,-151.250527,1
2014,2122001200,59.483434,-151.570672,1
2014,2150000100,57.733168,-153.352526,1
2014,2164000100,58.605648,-156.409989,1
2014,2170000100,62.360758,-149.969157,1
2014,2170000200,61.996877,-147.875358,1
2014,2170000400,61.719995,-149.933784,1
2014,2170000500,61.537024,-149.918978,1
2014,2180000100,64.674274,-163.754746,1
2014,2185000200,70.170252,-153.400852,1
2014,2185000300,70.285092,-148.867107,1
2014,2188000100,66.952965,-160.222816,1
2014,2201000100,55.762355,-132.873959,1
2014,2201000300,55.840238,-130.861229,1
2014,2201000400,55.123897,-131.568839,1
2014,2232000200,59.400098,-135.893393,1
2014,2232000300,57.954013,-135.199829,1
2014,2240000100,63.719488,-142.471354,1
2014,2240000300,63.807368,-145.92113,1
2014,2261000100,62.162062,-144.683046,1
2014,2261000200,60.428365,-145.261361,1
2014,2261000300,61.025704,-146.663134,1
2014,2270000100,62.084927,-163.736818,1
2014,2280000100,56.727234,-133.723583,1
2014,2282000100,59.793489,-140.271248,1
2014,2290000100,66.542266,-145.23795,1
2014,2290000200,65.611639,-149.907196,1
2014,2290000300,65.06791,-156.029625,1
2014,2290000400,62.940135,-157.05471,1
2014,4001940300,33.91388,-109.681209,1
2014,4001942600,36.67131,-109.857736,1
2014,4001942700,36.734432,-109.335596,1
2014,4001944000,35.889116,-109.133813,1
2014,4001944100,36.376765,-109.291837,1
2014,4001944900,35.638295,-109.526931,1
2014,4001945000,35.486724,-109.196461,1
2014,4001945100,35.133657,-109.371551,1
2014,4001970200,34.590147,-109.608198,1
2014,4001970300,34.371541,-109.344301,1
2014,4003000100,32.151988,-109.48161,1
2014,4003000200,32.086343,-109.835358,1
2014,4003000400,31.739989,-110.064143,1
2014,4003000500,31.663248,-109.494641,1
2014,4005001300,35.290801,-111.419955,1
2014,4005001400,35.466021,-111.775404,1
2014,4005001500,34.77952,-111.206516,1
2014,4005001800,35.629524,-112.105729,1
2014,4005001900,35.539982,-112.366465,1
2014,4005002000,36.697728,-112.198748,1
2014,4005940400,35.832267,-113.087316,1
2014,4005941100,35.91351,-110.869893,1
2014,4005942200,36.55025,-111.139747,1
2014,4005944500,35.795696,-111.265658,1
2014,4007000100,34.387467,-111.470342,1
2014,4007000200,34.329601,-111.18337,1
2014,4007000600,34.107716,-111.07104,1
2014,4007000700,33.852311,-111.148998,1
2014,4007001300,33.014041,-110.779041,1
2014,4007940200,33.894291,-110.312074,1
2014,4007940400,33.35056,-110.493392,1
2014,4009940500,33.252389,-109.97973,1
2014,4009991100,32.924442,-109.874403,1
2014,4009991500,32.703516,-109.599819,1
2014,4009991600,32.641897,-110.046115,1
2014,4011990100,33.297239,-109.240091,1
2014,4012020100,33.827057,-113.624593,1
2014,4012020600,33.432366,-114.601893,1
2014,4012940300,34.006148,-114.392685,1
2014,4013010100,33.749038,-111.668526,1
2014,4013040509,33.81838,-112.66199,1
2014,4013050603,33.353114,-113.054493,1
2014,4013940700,32.527145,-112.350099,1
2014,4015940400,35.612551,-113.556041,1
2014,4015950100,36.650772,-113.344847,1
2014,4015950400,35.71666,-114.154302,1
2014,4015950500,35.373024,-114.297106,1
2014,4015950800,34.98049,-113.993598,1
2014,4017940100,34.070645,-110.322625,1
2014,4017940300,33.824417,-109.965065,1
2014,4017941000,36.044298,-110.453428,1
2014,4017941100,35.694012,-110.350994,1
2014,4017942300,36.671513,-110.601161,1
2014,4017944400,36.11434,-110.247643,1
2014,4017944500,35.340629,-110.697875,1
2014,4017944700,35.437134,-110.178749,1
2014,4017944800,35.74344,-110.146336,1
2014,4017960500,34.844789,-110.528575,1
2014,4019004107,31.877066,-110.796021,1
2014,4019004109,31.938115,-110.656899,1
2014,4019004313,32.017228,-111.281612,1
2014,4019004316,31.769729,-111.311887,1
2014,4019940600,32.28103,-112.00506,1
2014,4019940700,32.129276,-112.407698,1
2014,4021000203,33.145425,-111.122602,1
2014,4021000500,33.049069,-110.903315,1
2014,4021000601,32.750368,-110.729455,1
2014,4021000700,32.605048,-110.63334,1
2014,4021000800,32.837933,-111.261518,1
2014,4021940400,33.062166,-110.577889,1
2014,4021940600,32.6504,-111.915794,1
2014,4025000100,35.260098,-112.898685,1
2014,4025001200,34.664508,-112.700592,1
2014,4025001300,34.576185,-113.169293,1
2014,4025001400,34.197732,-112.591479,1
2014,4025940400,35.520366,-113.327816,1
2014,4027010500,33.196722,-114.060134,1
2014,4027010600,32.902037,-113.545627,1
2014,5019953700,34.142207,-93.321571,1
2014,5029950200,35.337888,-92.757829,1
2014,5039970100,34.035766,-92.624098,1
2014,5057980200,33.724548,-93.774433,1
2014,5079960100,34.082159,-91.576096,1
2014,5079960200,34.04089,-91.605875,1
2014,5099990100,33.667531,-93.265086,1
2014,5099990300,33.513558,-93.320132,1
2014,5103950200,33.671063,-93.000793,1
2014,5105952900,34.961085,-93.058482,1
2014,5109953400,34.238151,-93.764777,1
2014,5115950700,35.55707,-93.026267,1
2014,5125010507,34.735572,-92.68855,1
2014,5129970100,35.9695,-92.819282,1
2014,5149952600,34.889194,-93.43132,1
2014,6003010000,38.632506,-119.888663,1
2014,6007002400,39.656237,-121.34293,1
2014,6011000400,39.309237,-122.337249,1
2014,6015000203,41.537718,-124.020606,1
2014,6017031402,38.598334,-120.546947,1
2014,6017031403,38.736957,-120.283483,1
2014,6019006402,37.110929,-119.271973,1
2014,6019006403,36.744173,-119.101183,1
2014,6019008302,36.65475,-120.509661,1
2014,6021010300,39.614925,-122.480773,1
2014,6023001200,40.757253,-123.848422,1
2014,6023010101,41.078429,-123.690713,1
2014,6023010102,41.175645,-123.737654,1
2014,6023010200,41.133787,-124.064208,1
2014,6023010900,40.507953,-123.886805,1
2014,6025010100,33.165447,-115.513963,1
2014,6025012301,33.102016,-115.950738,1
2014,6025012302,33.311063,-115.961524,1
2014,6025012400,33.054919,-114.992495,1
2014,6027000500,36.922543,-118.172303,1
2014,6027000600,36.302963,-117.920357,1
2014,6027000700,36.037118,-116.173275,1
2014,6029003302,34.927404,-119.08107,1
2014,6029003700,35.366286,-119.364396,1
2014,6029004500,35.655707,-119.774549,1
2014,6029005201,35.660436,-118.667837,1
2014,6029005504,35.176752,-117.796019,1
2014,6029005506,34.892813,-118.326169,1
2014,6029005600,35.011552,-117.664891,1
2014,6029005800,34.862399,-118.169935,1
2014,6031001601,36.031834,-119.851424,1
2014,6031001701,35.951781,-120.071974,1
2014,6031001702,35.969181,-120.120045,1
2014,6035040100,40.913032,-120.817959,1
2014,6035040200,40.50721,-120.951311,1
2014,6035040400,40.383017,-120.413287,1
2014,6035040600,40.080182,-120.135275,1
2014,6037599100,33.023688,-118.572689,1
2014,6037900101,34.613286,-117.834148,1
2014,6037900102,34.682324,-117.770241,1
2014,6037901203,34.769794,-118.529691,1
2014,6037901204,34.674251,-118.409104,1
2014,6037901206,34.610587,-118.396273,1
2014,6039000105,37.193824,-119.812556,1
2014,6043000200,37.70241,-120.164099,1
2014,6043000400,37.663396,-119.625431,1
2014,6045011200,39.106027,-123.493791,1
2014,6047000100,37.519818,-120.504976,1
2014,6049000200,41.555501,-121.278259,1
2014,6049000400,41.617076,-120.145062,1
2014,6051000100,37.887508,-118.949688,1
2014,6053011400,35.953971,-120.882451,1
2014,6053011500,36.246226,-121.752367,1
2014,6055201800,38.606573,-122.27759,1
2014,6057000900,39.3516,-120.584407,1
2014,6061020200,39.093543,-120.658215,1
2014,6061022001,39.261724,-120.560139,1
2014,6065045604,33.537563,-115.985371,1
2014,6065045605,33.514122,-116.121594,1
2014,6065045800,33.873408,-115.266053,1
2014,6065940100,33.871671,-114.51755,1
2014,6069000800,36.571153,-121.083997,1
2014,6071008901,35.58377,-117.452886,1
2014,6071010300,35.128682,-115.910833,1
2014,6071010402,34.419654,-115.990552,1
2014,6071010405,34.272385,-116.505813,1
2014,6071010409,34.190533,-115.796071,1
2014,6071010500,34.518453,-114.606034,1
2014,6071011600,34.936205,-117.349004,1
2014,6073020902,32.917973,-116.573293,1
2014,6073020903,33.248195,-116.703083,1
2014,6073021100,32.678387,-116.403348,1
2014,6079010000,35.718305,-120.87379,1
2014,6079010300,35.611095,-120.441492,1
2014,6079012702,35.296923,-120.012503,1
2014,6083001800,34.871138,-119.802548,1
2014,6085512700,37.261163,-121.536153,1
2014,6089012400,40.580343,-122.632653,1
2014,6089012500,41.05365,-122.338,1
2014,6089012601,40.858788,-121.945389,1
2014,6089012602,40.508826,-121.840012,1
2014,6091010000,39.582063,-120.534038,1
2014,6093000100,41.864321,-121.564433,1
2014,6093000200,41.872959,-121.946989,1
2014,6093000300,41.795695,-122.366116,1
2014,6093000400,41.933461,-122.660556,1
2014,6093001200,41.376667,-121.863867,1
2014,6097154301,38.59893,-123.212395,1
2014,6101050900,38.985805,-121.767807,1
2014,6103000100,40.274936,-121.743429,1
2014,6103000300,39.996046,-122.622162,1
2014,6105000100,40.892901,-122.768732,1
2014,6105000200,40.8188,-123.304811,1
2014,6105000400,40.266732,-123.32601,1
2014,6107002700,36.043007,-118.64176,1
2014,6107004500,35.916354,-119.009034,1
2014,6109003100,38.145628,-120.026497,1
2014,6109005201,37.786933,-120.478563,1
2014,6111000100,34.598362,-119.154104,1
2014,6113011400,38.812517,-121.881922,1
2014,6113011500,38.743203,-122.042208,1
2014,6115040901,39.174689,-121.403432,1
2014,6115041000,39.264425,-121.442348,1
2014,8001008402,39.881824,-104.094451,1
2014,8007940400,37.088659,-107.301979,1
2014,8009984600,37.291045,-102.464901,1
2014,8013013602,40.190085,-105.481516,1
2014,8021974600,37.217829,-106.341117,1
2014,8023982600,37.395796,-105.459909,1
2014,8033000100,37.761037,-108.586457,1
2014,8035014300,39.295437,-105.141388,1
2014,8037000600,39.486675,-106.367782,1
2014,8039991100,39.171769,-103.969434,1
2014,8043979000,38.452455,-105.671989,1
2014,8045951600,39.720751,-107.302129,1
2014,8045952100,39.552894,-108.228771,1
2014,8051963600,38.636042,-106.757834,1
2014,8051963900,38.526122,-107.300749,1
2014,8053973100,37.823347,-107.268004,1
2014,8055980700,37.512264,-104.950118,1
2014,8055980800,37.761425,-105.106576,1
2014,8067941000,37.061949,-108.324565,1
2014,8067970702,37.429094,-107.773678,1
2014,8069002400,40.800112,-105.633091,1
2014,8071000300,37.144483,-104.793887,1
2014,8071000600,37.24535,-104.333919,1
2014,8071000700,37.291856,-103.921199,1
2014,8073991800,38.988687,-103.543916,1
2014,8075995900,40.901495,-102.999318,1
2014,8077001900,38.886095,-108.673835,1
2014,8079973600,37.70062,-106.920831,1
2014,8081000100,40.606803,-108.439193,1
2014,8083940200,37.194698,-108.301034,1
2014,8083941000,37.158414,-108.800121,1
2014,8083969200,37.465773,-108.71584,1
2014,8093000100,39.487372,-105.501666,1
2014,8093000200,39.394615,-105.507209,1
2014,8093000400,39.193413,-105.787893,1
2014,8093000500,38.878911,-105.665064,1
2014,8101002804,37.944167,-104.862488,1
2014,8101003200,38.122829,-104.323554,1
2014,8101003400,38.255072,-104.255392,1
2014,8107000100,40.745381,-107.06276,1
2014,8107000800,40.143834,-106.842615,1
2014,8113968200,38.021843,-108.641633,1
2014,8121994100,40.002093,-103.049371,1
2014,8123002501,40.726514,-104.310012,1
2014,12003040201,30.308922,-82.337932,1
2014,12005000300,30.403911,-85.442505,1
2014,12013990200,30.416565,-85.263459,1
2014,12015010100,26.934021,-81.728469,1
2014,12021011102,26.002634,-81.492484,1
2014,12033003800,30.856903,-87.509439,1
2014,12033003900,30.836057,-87.351776,1
2014,12043000100,27.06252,-80.973637,1
2014,12047980200,30.531068,-83.134656,1
2014,12047980300,30.396213,-82.776054,1
2014,12051000500,26.614183,-81.084741,1
2014,12051940100,26.282139,-81.010923,1
2014,12055961000,27.439646,-81.257693,1
2014,12059960200,30.826233,-85.93376,1
2014,12067960100,30.204839,-83.297171,1
2014,12075970400,29.225727,-82.855761,1
2014,12077950100,30.275609,-84.785818,1
2014,12079990200,30.437116,-83.639254,1
2014,12081002010,27.365913,-82.184887,1
2014,12083000400,29.431613,-82.007408,1
2014,12083000500,29.378086,-81.793542,1
2014,12087970100,25.369355,-80.956061,1
2014,12093990100,27.446315,-80.952833,1
2014,12097043800,28.029939,-81.031916,1
2014,12099007903,26.669052,-80.50074,1
2014,12105014203,27.907588,-81.381587,1
2014,12105015600,27.805448,-81.368546,1
2014,12113010100,30.868392,-86.912356,1
2014,12121970300,30.209729,-83.160375,1
2014,12123950400,29.906107,-83.523029,1
2014,12123990200,30.303585,-83.763413,1
2014,12131950100,30.855159,-86.226816,1
2014,12133970300,30.551136,-85.635818,1
2014,13001950400,31.641674,-82.203098,1
2014,13007960200,31.286595,-84.548679,1
2014,13025980100,31.258247,-81.806255,1
2014,13031990100,32.555659,-81.924202,1
2014,13033950300,33.070693,-82.229266,1
2014,13037950100,31.51978,-84.54475,1
2014,13049990200,30.589424,-82.086327,1
2014,13053020100,32.295484,-84.772284,1
2014,13065970200,30.847781,-82.68188,1
2014,13069990300,31.503593,-82.663755,1
2014,13073030400,33.607808,-82.303518,1
2014,13087970700,30.763614,-84.705115,1
2014,13101980100,30.719479,-82.827354,1
2014,13107980500,32.552512,-82.523598,1
2014,13129970100,34.54907,-84.745726,1
2014,13161960300,31.729579,-82.727685,1
2014,13167980100,32.65933,-82.565507,1
2014,13175951200,32.285543,-82.834506,1
2014,13175951300,32.286554,-83.011662,1
2014,13205980100,31.3709,-84.129211,1
2014,13271950300,31.856426,-82.944636,1
2014,13289060100,32.741488,-83.407042,1
2014,13289060200,32.597347,-83.403913,1
2014,13299950100,31.383786,-82.538221,1
2014,13321950100,31.744209,-83.897973,1
2014,15001021002,19.525053,-155.124453,1
2014,15001021300,19.307543,-155.883382,1
2014,15001021800,20.201781,-155.801799,1
2014,15001022100,19.94333,-155.225519,1
2014,15003011498,25.77325,-171.734928,1
2014,15007041000,21.898225,-160.145404,1
2014,15007041100,21.660171,-160.549196,1
2014,16001010501,43.31994,-116.305446,1
2014,16001010502,43.339477,-116.100468,1
2014,16011950200,43.218617,-111.956156,1
2014,16011950300,43.084856,-112.721493,1
2014,16015950200,43.955457,-115.858563,1
2014,16017950100,48.148866,-116.243016,1
2014,16017950600,48.528168,-116.858528,1
2014,16017950800,48.099635,-116.686741,1
2014,16019970100,43.394705,-111.450949,1
2014,16021970100,48.835534,-116.203919,1
2014,16029960200,42.791847,-111.514927,1
2014,16031950100,42.306273,-113.368629,1
2014,16031950600,42.306851,-113.995142,1
2014,16033950100,44.240975,-112.291097,1
2014,16035970100,46.667955,-115.821445,1
2014,16037990200,44.21163,-114.139033,1
2014,16039980100,43.181173,-115.325772,1
2014,16039980500,43.049511,-115.866452,1
2014,16043970100,44.334185,-111.477188,1
2014,16045960100,44.066465,-116.3744,1
2014,16049960100,46.033564,-115.424524,1
2014,16055001900,47.624079,-116.525757,1
2014,16057005600,46.798426,-116.569896,1
2014,16059980100,45.259263,-114.090877,1
2014,16059980300,44.699965,-113.553375,1
2014,16061950300,46.102324,-116.624354,1
2014,16063950100,42.965518,-114.212667,1
2014,16067980300,42.800785,-113.585149,1
2014,16069990100,46.410164,-116.679568,1
2014,16073940300,42.051981,-116.160006,1
2014,16073950200,42.725513,-116.089037,1
2014,16083980100,42.461627,-114.950595,1
2014,16083980200,42.324632,-114.527459,1
2014,17125956600,40.155804,-90.11465,1
2014,17151971200,37.488767,-88.591101,1
2014,20011955600,37.965271,-94.856427,1
2014,20057961700,37.586195,-99.856504,1
2014,20063955200,38.977652,-100.618923,1
2014,20109954600,39.010542,-101.063727,1
2014,20205997100,37.604937,-95.660893,1
2014,21025980400,37.578326,-83.169979,1
2014,21051950100,37.275526,-83.655531,1
2014,21051950600,37.033301,-83.608311,1
2014,21135990400,38.429563,-83.37483,1
2014,21193970100,37.317227,-83.483729,1
2014,21219950100,36.975315,-87.175547,1
2014,22003950100,30.694414,-92.917799,1
2014,22011960100,30.725147,-93.123589,1
2014,22011960600,30.642024,-93.560146,1
2014,22023970100,29.86684,-92.95501,1
2014,22027950100,32.830135,-92.855685,1
2014,22035990200,32.660116,-91.205315,1
2014,22045031500,29.606488,-91.89078,1
2014,22051027900,29.464476,-90.068182,1
2014,22067950100,32.917974,-91.681911,1
2014,22073010502,32.344461,-92.204225,1
2014,22073010604,32.339013,-92.092837,1
2014,22075050400,29.620268,-89.922013,1
2014,22075050600,29.390344,-89.600505,1
2014,22075050700,29.34875,-89.510342,1
2014,22075050800,29.307011,-89.391782,1
2014,22077952000,30.815322,-91.687813,1
2014,22087030101,29.854668,-89.539931,1
2014,22107980200,31.962236,-91.408808,1
2014,22109001400,29.415769,-90.840045,1
2014,22111960500,32.738773,-92.204858,1
2014,22113951100,29.773583,-92.317356,1
2014,22115950100,31.241586,-93.030801,1
2014,22115950800,30.96517,-93.011025,1
2014,22119031100,32.918683,-93.30345,1
2014,22119031400,32.84152,-93.428899,1
2014,22125951701,30.934857,-91.408503,1
2014,22125951702,30.949066,-91.592943,1
2014,23003950100,47.02764,-68.135324,1
2014,23003950700,46.912239,-68.985077,1
2014,23003952300,46.364388,-68.078344,1
2014,23003952900,45.821723,-68.078898,1
2014,23005000000,43.628078,-70.018443,1
2014,23009965100,44.842848,-68.241729,1
2014,23009965200,44.692558,-68.551445,1
2014,23009965700,44.562217,-68.190446,1
2014,23011015500,44.519332,-69.941939,1
2014,23015975100,44.215248,-69.512007,1
2014,23015976100,43.766359,-69.317996,1
2014,23017995100,44.778736,-70.91237,1
2014,23019025500,45.425712,-68.128793,1
2014,23019029000,45.829619,-68.647608,1
2014,23021960300,45.870484,-69.33674,1
2014,23021960400,45.302468,-69.458631,1
2014,23023000000,43.679433,-69.792414,1
2014,23025985300,45.603694,-70.063387,1
2014,23025985600,44.958504,-69.62161,1
2014,23027045000,44.409638,-69.235809,1
2014,23029955100,45.140454,-67.762957,1
2014,23029955900,44.934085,-67.320396,1
2014,24019000000,38.170552,-76.17841,1
2014,24019970800,38.45295,-76.196927,1
2014,25015822700,42.43455,-72.931554,1
2014,25025000000,42.389705,-70.690167,1
2014,26001000000,44.769483,-82.818732,1
2014,26001980500,44.663188,-83.734281,1
2014,26003000000,46.994425,-86.564798,1
2014,26003980100,46.515235,-86.310838,1
2014,26003980300,46.261154,-86.751493,1
2014,26005000000,42.57328,-86.64068,1
2014,26007000000,45.033895,-82.880342,1
2014,26013000000,46.975218,-88.17865,1
2014,26029000000,45.591917,-85.403983,1
2014,26033000000,46.591287,-84.855695,1
2014,26033970600,46.424478,-84.611672,1
2014,26033970700,46.434712,-85.072357,1
2014,26033971100,45.990799,-83.820905,1
2014,26047000000,45.595648,-85.110634,1
2014,26051990100,44.003141,-84.259004,1
2014,26051990200,44.105376,-84.332997,1
2014,26053000000,46.814796,-90.129558,1
2014,26061000000,47.261823,-88.754275,1
2014,26061991000,46.661738,-88.760869,1
2014,26069000000,44.248736,-82.82202,1
2014,26069990400,44.488852,-83.618736,1
2014,26071980200,46.264743,-88.771859,1
2014,26079950400,44.585695,-85.120012,1
2014,26083000000,47.829419,-88.923707,1
2014,26083960300,48.015363,-88.744756,1
2014,26089000000,44.848712,-86.412926,1
2014,26095000000,47.027756,-85.546503,1
2014,26095960200,46.48691,-85.610302,1
2014,26097950200,46.099605,-85.023444,1
2014,26101000000,44.26877,-86.662503,1
2014,26103000000,47.048483,-87.773361,1
2014,26103001400,46.675827,-87.625016,1
2014,26105000000,43.991491,-86.775538,1
2014,26119990200,45.111726,-84.226875,1
2014,26123970100,43.723955,-85.80095,1
2014,26127000000,43.690845,-86.874133,1
2014,26131000000,47.048319,-89.291764,1
2014,26139000000,42.835153,-86.659245,1
2014,26141000000,45.503557,-83.443193,1
2014,26141950100,45.502739,-84.110999,1
2014,26141950300,45.300847,-83.985034,1
2014,26141950600,45.307172,-83.488771,1
2014,26151000000,43.553881,-82.320794,1
2014,26153000000,45.704571,-86.162423,1
2014,26153990100,46.257328,-86.043609,1
2014,26153990200,46.085211,-86.419216,1
2014,26159000000,42.296893,-86.723783,1
2014,27001990100,46.750084,-93.398507,1
2014,27001990200,46.817184,-93.590664,1
2014,27001990500,46.390962,-93.579796,1
2014,27005950200,46.851391,-95.524574,1
2014,27005951000,47.054,-95.661341,1
2014,27007950300,47.612834,-94.760039,1
2014,27007950400,47.738441,-94.825408,1
2014,27007950500,48.227249,-94.843897,1
2014,27007950800,47.880369,-94.984618,1
2014,27029000200,47.325437,-95.350267,1
2014,27031980100,47.866324,-90.503309,1
2014,27061980100,47.716947,-93.921181,1
2014,27061980200,47.516364,-94.039001,1
2014,27061980400,47.590045,-93.40311,1
2014,27061980600,47.15959,-93.274994,1
2014,27065980100,46.017107,-93.21199,1
2014,27069990100,48.736179,-96.661301,1
2014,27071990300,48.404075,-93.337893,1
2014,27071990500,48.256987,-93.930592,1
2014,27075970100,47.603586,-91.459145,1
2014,27077960100,48.963423,-94.950979,1
2014,27077960200,48.603986,-94.909032,1
2014,27087960300,47.310038,-95.709483,1
2014,27089980100,48.337079,-95.958011,1
2014,27113990100,48.08508,-95.884508,1
2014,27119020400,47.999889,-96.816244,1
2014,27135970400,48.726828,-95.472264,1
2014,27137010600,47.014055,-92.100826,1
2014,27137011100,46.885379,-92.417404,1
2014,27137011300,47.168562,-92.75406,1
2014,27137011400,47.272632,-92.191202,1
2014,27137015100,47.694153,-92.886937,1
2014,27137015200,47.711854,-92.542324,1
2014,27137015500,48.100943,-92.550412,1
2014,28007060100,33.163842,-89.427048,1
2014,28041950100,31.30089,-88.620053,1
2014,28049011300,32.150859,-90.617052,1
2014,28079040100,32.862131,-89.428842,1
2014,28083950100,33.677184,-90.348709,1
2014,28087001100,33.320824,-88.514869,1
2014,28121020101,32.464012,-89.839597,1
2014,29067950100,36.915557,-92.31869,1
2014,29127960200,39.820989,-91.71964,1
2014,29221960200,38.050008,-90.952771,1
2014,30001000100,45.130179,-112.995133,1
2014,30003000400,45.119766,-106.744168,1
2014,30003940300,45.517298,-106.908493,1
2014,30003940500,45.364141,-108.098168,1
2014,30003940600,45.635794,-107.415204,1
2014,30003940700,45.219226,-107.39398,1
2014,30005000100,48.735053,-108.61883,1
2014,30005940100,48.406485,-108.661455,1
2014,30005940200,48.073639,-108.797692,1
2014,30011000300,45.556276,-104.481226,1
2014,30015010100,47.87438,-110.292468,1
2014,30015940100,48.277663,-109.921957,1
2014,30015940200,48.186353,-109.803411,1
2014,30017961300,46.28561,-105.719016,1
2014,30019940200,48.592919,-105.169555,1
2014,30019940300,48.593028,-105.651582,1
2014,30019940500,48.570611,-105.944589,1
2014,30021000100,47.312452,-104.885712,1
2014,30023000200,45.981391,-113.179462,1
2014,30029000500,48.124238,-114.664073,1
2014,30029940100,47.838483,-114.583776,1
2014,30031001300,45.019596,-111.189498,1
2014,30035940300,48.385426,-112.780462,1
2014,30035976300,48.475686,-113.402133,1
2014,30041940100,48.356733,-109.938182,1
2014,30041940200,48.253518,-109.767548,1
2014,30047000100,47.864059,-113.871873,1
2014,30047940100,47.603935,-114.407189,1
2014,30047940200,47.817262,-114.30995,1
2014,30049000100,47.268887,-112.504469,1
2014,30049000200,46.786255,-112.260922,1
2014,30049000300,46.927664,-111.924202,1
2014,30053000100,48.211739,-115.26745,1
2014,30053000300,48.509299,-115.37613,1
2014,30053000500,48.651024,-115.827313,1
2014,30055954000,47.63527,-105.729721,1
2014,30057000200,45.633888,-112.035996,1
2014,30057000300,45.260072,-112.130972,1
2014,30061994500,47.007783,-114.717853,1
2014,30063000900,46.863445,-114.290481,1
2014,30065000100,46.554576,-108.392225,1
2014,30067000500,45.10252,-110.522839,1
2014,30067000600,45.004631,-110.628365,1
2014,30069000100,47.000478,-108.290051,1
2014,30071940100,48.367451,-108.39411,1
2014,30071940200,48.044864,-108.392461,1
2014,30073940300,48.301706,-112.657273,1
2014,30075000100,45.363372,-105.625006,1
2014,30077000100,46.762187,-112.824724,1
2014,30081000800,45.798575,-114.135094,1
2014,30083070100,47.949631,-104.569802,1
2014,30083070200,47.662015,-104.547863,1
2014,30085940100,48.223462,-104.787734,1
2014,30085940300,48.257964,-105.671969,1
2014,30087000100,46.605784,-106.92671,1
2014,30089000200,47.776515,-115.560381,1
2014,30091090100,48.616236,-104.264254,1
2014,30091940100,48.584729,-104.635169,1
2014,30091940200,48.587016,-104.956996,1
2014,30095966200,45.863037,-109.274769,1
2014,30095996500,45.449661,-109.633588,1
2014,30099000100,47.890883,-111.927662,1
2014,30099000300,47.855891,-112.402233,1
2014,30101000100,48.843968,-111.882175,1
2014,30105940500,48.278583,-106.051911,1
2014,30111940500,45.63256,-108.330854,1
2014,31031955800,42.90659,-100.993127,1
2014,31031955900,42.53317,-101.191538,1
2014,31045950600,42.703061,-103.205905,1
2014,31089974000,42.634103,-98.704977,1
2014,31111960600,40.931113,-100.943877,1
2014,31117957900,41.556075,-101.027583,1
2014,31121986700,41.077533,-98.200849,1
2014,31161940500,42.993658,-102.559497,1
2014,31161951700,42.475023,-102.466282,1
2014,31165950100,42.432082,-103.79284,1
2014,32001940200,39.114219,-118.691022,1
2014,32001950100,39.479276,-118.388956,1
2014,32001950600,39.625421,-118.875165,1
2014,32003005611,36.551861,-114.178039,1
2014,32003005613,36.41779,-114.595783,1
2014,32003005703,35.532315,-114.932863,1
2014,32003005816,35.906692,-115.472589,1
2014,32003005817,36.251008,-115.628252,1
2014,32003005818,36.530665,-115.682819,1
2014,32003005902,36.59151,-114.91906,1
2014,32005000600,38.726555,-119.512463,1
2014,32007940300,41.947928,-116.135181,1
2014,32007950200,40.662113,-115.02234,1
2014,32007950600,41.678394,-115.570635,1
2014,32007950700,41.004425,-115.721715,1
2014,32007951200,40.612299,-115.708236,1
2014,32007951500,40.832063,-114.390336,1
2014,32007951600,40.706804,-116.048931,1
2014,32009950100,37.829985,-117.556859,1
2014,32011000100,40.011258,-116.267484,1
2014,32013010500,41.488931,-118.020668,1
2014,32013010600,41.006351,-117.387383,1
2014,32015000100,39.956303,-117.066061,1
2014,32017950100,38.178641,-114.516183,1
2014,32017950200,37.536801,-115.011282,1
2014,32019940200,39.117599,-118.960642,1
2014,32019960200,39.357101,-119.234587,1
2014,32019960800,38.822139,-119.177454,1
2014,32021940200,38.968408,-118.792231,1
2014,32021970400,38.447945,-118.324006,1
2014,32023980100,38.741523,-116.856145,1
2014,32023980200,38.122967,-116.869991,1
2014,32023980500,37.548811,-115.981138,1
2014,32027980100,40.427863,-118.271038,1
2014,32031003501,40.444416,-119.663829,1
2014,32031940100,39.860069,-119.419428,1
2014,32033970100,39.590544,-114.730493,1
2014,32033970200,39.15818,-115.059201,1
2014,33007950100,45.051908,-71.314038,1
2014,33007950300,44.715567,-71.196945,1
2014,34005703500,39.695393,-74.563188,1
2014,34011000000,39.177897,-75.170366,1
2014,34033000000,39.384246,-75.445762,1
2014,35001940100,35.013764,-107.01869,1
2014,35001945900,35.107218,-107.092374,1
2014,35003941500,34.534097,-107.759951,1
2014,35003976200,33.956778,-108.440847,1
2014,35005001200,33.554378,-104.101097,1
2014,35006940100,35.011182,-107.362519,1
2014,35006940400,34.922474,-108.765559,1
2014,35006941500,34.856853,-107.626379,1
2014,35006945800,34.918257,-108.402559,1
2014,35006945900,35.079159,-107.155296,1
2014,35006946000,35.289306,-108.089615,1
2014,35006974500,35.054628,-108.081427,1
2014,35007950500,36.770047,-104.326772,1
2014,35013001500,32.307791,-106.996972,1
2014,35013001701,31.940294,-106.937861,1
2014,35013001900,32.411599,-106.440364,1
2014,35015000900,32.74252,-104.238269,1
2014,35017984100,32.940908,-108.192307,1
2014,35017984200,32.763221,-108.560395,1
2014,35017984800,32.413838,-108.280706,1
2014,35021000100,35.897974,-103.878339,1
2014,35023988100,31.95294,-108.768527,1
2014,35025001100,33.083564,-103.472212,1
2014,35027980200,33.908768,-105.64626,1
2014,35027980300,33.694347,-105.409946,1
2014,35029000400,32.112302,-107.566332,1
2014,35031940200,35.1016,-108.768672,1
2014,35031940300,35.069394,-108.848815,1
2014,35031940400,35.076604,-108.757862,1
2014,35031943400,35.779767,-107.663361,1
2014,35031943500,35.803688,-108.10143,1
2014,35031943600,35.57454,-108.435738,1
2014,35031943700,35.782389,-108.543491,1
2014,35031943800,35.846628,-108.878092,1
2014,35031945700,35.275015,-108.838373,1
2014,35031945800,35.073679,-108.501713,1
2014,35031946000,35.445644,-108.068487,1
2014,35031972100,35.410808,-107.609696,1
2014,35031972800,35.35393,-108.425203,1
2014,35033955200,35.986698,-104.919077,1
2014,35035000601,32.618681,-106.074262,1
2014,35035000800,33.155527,-105.688603,1
2014,35035000900,32.568219,-105.616034,1
2014,35037958800,34.930438,-103.77983,1
2014,35039000100,36.04334,-105.812096,1
2014,35039000400,36.35327,-106.325014,1
2014,35039000500,36.56602,-106.649843,1
2014,35039000600,36.591564,-107.456091,1
2014,35039940900,36.574304,-107.104066,1
2014,35039943300,36.252554,-107.598828,1
2014,35043010101,35.810806,-106.686873,1
2014,35043010102,35.612954,-106.727672,1
2014,35043010200,35.545818,-106.904789,1
2014,35043010301,35.55165,-106.540205,1
2014,35043940100,35.622565,-106.342931,1
2014,35043940200,35.526891,-106.360993,1
2014,35043940900,36.180105,-107.234782,1
2014,35043943300,36.012482,-107.399226,1
2014,35043945900,35.234495,-107.15371,1
2014,35045000703,36.821858,-107.806416,1
2014,35045941000,36.905083,-108.399908,1
2014,35045942900,36.38645,-108.824562,1
2014,35045943000,36.55832,-108.394371,1
2014,35045943100,36.076376,-108.762845,1
2014,35045943200,36.37063,-107.968047,1
2014,35047957500,35.528728,-104.664659,1
2014,35047957700,35.267541,-105.542438,1
2014,35049010306,35.222003,-106.060521,1
2014,35049940100,35.599284,-106.23609,1
2014,35049940200,35.492121,-106.242888,1
2014,35053941500,34.515584,-107.614141,1
2014,35053946100,34.406126,-107.515635,1
2014,35053978100,34.287183,-106.673367,1
2014,35055952300,36.60616,-105.790113,1
2014,35055952900,36.181861,-105.706529,1
2014,35057940300,34.839629,-106.406702,1
2014,35057963400,34.622278,-105.653437,1
2014,35059950200,36.492607,-103.417893,1
2014,35061940100,34.914297,-107.147697,1
2014,36031961400,43.942527,-74.044026,1
2014,36033950600,44.722959,-74.137299,1
2014,36033950700,44.503478,-74.43892,1
2014,36033950800,44.496306,-74.123157,1
2014,36041950100,43.867533,-74.631193,1
2014,36045000000,43.735359,-76.481328,1
2014,36055000000,43.445589,-77.675372,1
2014,36063000000,43.438553,-78.828771,1
2014,36073000000,43.50043,-78.226445,1
2014,36075000000,43.635668,-76.443929,1
2014,37015960100,36.15852,-76.852076,1
2014,37017950100,34.599873,-78.392388,1
2014,37017950200,34.763667,-78.689813,1
2014,37017950300,34.716259,-78.786568,1
2014,37023020201,35.843465,-81.851134,1
2014,37047991300,34.150661,-78.603563,1
2014,37055000000,35.53739,-75.435363,1
2014,37061990600,34.774654,-77.777643,1
2014,37077970100,36.456669,-78.641263,1
2014,37083990800,36.235867,-77.871471,1
2014,37117970100,35.771032,-76.898329,1
2014,37133000000,34.567077,-77.21917,1
2014,37141980500,34.499612,-78.124832,1
2014,37161960300,35.441798,-82.189077,1
2014,37187950300,35.78879,-76.571832,1
2014,38003968000,46.938198,-98.219815,1
2014,38005940200,47.927312,-98.75972,1
2014,38009952500,48.770199,-101.179689,1
2014,38013953200,48.792864,-102.740842,1
2014,38015011400,46.800986,-100.373261,1
2014,38015011500,47.159248,-100.521969,1
2014,38025940100,47.597953,-102.437088,1
2014,38025962100,47.252687,-102.562265,1
2014,38027940100,47.844716,-99.138006,1
2014,38027940200,47.825626,-98.72207,1
2014,38031959400,47.46441,-98.851751,1
2014,38037965800,46.268236,-101.633915,1
2014,38047972500,46.463621,-99.505292,1
2014,38049955600,48.411326,-100.706194,1
2014,38053940100,47.862251,-102.706001,1
2014,38055940300,47.72738,-102.022229,1
2014,38055960500,47.681564,-101.175266,1
2014,38057940300,47.486892,-101.97371,1
2014,38059020400,46.636544,-101.036235,1
2014,38069956200,48.133504,-100.031536,1
2014,38071957000,48.241212,-98.514155,1
2014,38071957100,48.285402,-98.938711,1
2014,38073968900,46.515712,-97.454642,1
2014,38083960200,47.612724,-100.326556,1
2014,38085940200,46.387758,-100.795812,1
2014,38085940300,46.062798,-100.721144,1
2014,38085940700,45.984304,-100.589623,1
2014,38087965000,46.428212,-103.439994,1
2014,38093967000,47.13414,-98.931299,1
2014,38093967200,46.779744,-98.934773,1
2014,38101011000,48.553743,-101.919091,1
2014,38101011100,48.109861,-101.579868,1
2014,38105953400,48.495717,-103.244362,1
2014,38105953500,48.358898,-103.848457,1
2014,39001990500,38.771594,-83.356852,1
2014,39007000000,42.0927,-80.764762,1
2014,39035000000,41.752088,-81.72621,1
2014,39053953800,38.662119,-82.272571,1
2014,39085000000,41.972955,-81.392462,1
2014,39087050500,38.583356,-82.477236,1
2014,39145992300,38.907313,-83.182153,1
2014,40005987600,34.535973,-95.940719,1
2014,40005987900,34.273001,-95.996763,1
2014,40007951700,36.628001,-100.48306,1
2014,40019992100,34.346836,-97.209541,1
2014,40019992200,34.392348,-97.505468,1
2014,40023996900,34.038761,-95.284542,1
2014,40027202402,35.231383,-97.210139,1
2014,40043959300,35.916316,-99.092436,1
2014,40061979100,35.287882,-94.906687,1
2014,40071000700,36.807276,-96.860919,1
2014,40075964200,34.833965,-99.062493,1
2014,40077987300,34.740075,-95.265492,1
2014,40079040700,34.664821,-94.773904,1
2014,40085994300,33.946736,-97.376326,1
2014,40089998200,34.344193,-94.745762,1
2014,40089998900,33.790905,-94.623262,1
2014,40091979800,35.449896,-95.72479,1
2014,40091979900,35.256748,-95.907243,1
2014,40105972200,36.846203,-95.60237,1
2014,40113010700,36.814134,-96.177026,1
2014,40121985800,35.1377,-95.727711,1
2014,40121985900,34.965188,-95.974509,1
2014,40125501300,35.007631,-96.99291,1
2014,40127997800,34.336695,-95.274669,1
2014,40133983100,35.311766,-96.474827,1
2014,40137001000,34.464877,-97.682042,1
2014,40139951000,36.738201,-101.807982,1
2014,40149965400,35.282386,-98.768576,1
2014,41001950100,44.686757,-118.164595,1
2014,41001950300,44.560064,-117.581074,1
2014,41003010300,44.41694,-123.555657,1
2014,41005024000,45.025471,-122.460303,1
2014,41005024200,45.10542,-122.06355,1
2014,41007951200,45.976258,-123.53823,1
2014,41011000200,43.374876,-123.996612,1
2014,41013950100,44.373586,-120.556271,1
2014,41013950400,44.061812,-120.295971,1
2014,41015950301,42.20053,-124.254332,1
2014,41017990200,43.774838,-120.887749,1
2014,41019020000,43.613777,-123.930881,1
2014,41019070000,43.308671,-123.602091,1
2014,41019100000,43.30597,-122.678023,1
2014,41019170000,43.018897,-123.576117,1
2014,41019210000,42.91971,-123.011938,1
2014,41023960100,44.606054,-118.781274,1
2014,41023960200,44.273663,-119.19244,1
2014,41025980100,43.714581,-119.330778,1
2014,41025980200,43.256241,-118.874266,1
2014,41027950100,45.519074,-121.685975,1
2014,41029002600,42.66446,-122.496704,1
2014,41029003002,42.211376,-123.122195,1
2014,41031960300,44.501012,-121.407185,1
2014,41031960400,44.731023,-121.431504,1
2014,41033361400,42.24084,-123.286941,1
2014,41035970100,43.409573,-121.64881,1
2014,41035970200,42.647134,-121.601217,1
2014,41035970300,42.325925,-122.111145,1
2014,41035970500,42.347127,-121.091281,1
2014,41037960100,42.977725,-120.620545,1
2014,41039000100,44.123606,-122.385082,1
2014,41039000200,44.171708,-122.825628,1
2014,41039000800,43.910034,-123.427419,1
2014,41039001400,43.645659,-122.83379,1
2014,41039001600,43.948066,-122.680336,1
2014,41043030300,44.467314,-122.431333,1
2014,41043030500,44.374193,-122.973808,1
2014,41045960500,42.061062,-117.550054,1
2014,41045970100,44.149228,-117.505781,1
2014,41045970800,42.932711,-117.614352,1
2014,41047010600,44.792963,-122.264818,1
2014,41051010500,45.546034,-122.130801,1
2014,41053020400,44.902771,-123.547399,1
2014,41057960700,45.300877,-123.704907,1
2014,41059950500,45.642264,-119.017979,1
2014,41059951400,45.267456,-118.74598,1
2014,41059951700,45.674272,-118.563004,1
2014,41061970300,45.381655,-117.8519,1
2014,41061970600,45.202936,-118.324921,1
2014,41065970800,45.149736,-121.245058,1
2014,41069980100,44.730809,-119.990635,1
2014,42009981000,39.863919,-78.446861,1
2014,42033331500,40.896255,-78.698126,1
2014,42081010200,41.364051,-77.408481,1
2014,45013001200,32.330968,-80.478752,1
2014,45015020100,33.259483,-80.215358,1
2014,45015020401,33.170099,-79.751214,1
2014,45019005000,33.035181,-79.573987,1
2014,45025950700,34.561332,-80.070545,1
2014,45029970100,33.090037,-80.822405,1
2014,45039960100,34.412881,-81.340751,1
2014,45043980800,33.268647,-79.436332,1
2014,45053950100,32.567114,-81.120606,1
2014,45055970300,34.416212,-80.715622,1
2014,45065980300,33.744521,-82.208545,1
2014,45071950400,34.234766,-81.851283,1
2014,45079012000,33.917187,-80.68808,1
2014,46007940100,43.377001,-101.558553,1
2014,46007940200,43.354248,-102.020728,1
2014,46007940600,43.260375,-102.028758,1
2014,46007940800,43.30825,-101.82738,1
2014,46007941100,43.274013,-101.379343,1
2014,46017940100,44.035459,-99.357204,1
2014,46017974600,44.039933,-99.050154,1
2014,46031940500,45.695951,-101.17648,1
2014,46031940700,45.839233,-100.555792,1
2014,46031940800,45.620563,-100.91514,1
2014,46041940400,45.47229,-101.440489,1
2014,46041940500,45.472815,-101.303323,1
2014,46041941600,45.18923,-100.631847,1
2014,46047994100,43.292635,-103.602622,1
2014,46055990100,44.191864,-101.471012,1
2014,46065940100,44.191248,-99.774554,1
2014,46069940100,44.265151,-99.482533,1
2014,46071940100,43.575242,-101.673453,1
2014,46071940200,43.484706,-102.047198,1
2014,46071940800,43.4045,-101.873032,1
2014,46071940900,43.392805,-101.686334,1
2014,46071941100,43.43062,-101.416762,1
2014,46089983100,45.759349,-99.252506,1
2014,46093020100,44.560996,-102.576776,1
2014,46095940300,43.576525,-100.794839,1
2014,46103011600,44.023602,-102.52096,1
2014,46113940200,43.466006,-102.256356,1
2014,46113940300,43.635465,-102.599935,1
2014,46113940400,43.265509,-102.642731,1
2014,46113940500,43.029772,-102.629302,1
2014,46113940600,43.227194,-102.293758,1
2014,46113940700,43.076647,-102.183387,1
2014,46117940100,44.205305,-99.992372,1
2014,46117989100,44.378639,-100.582033,1
2014,46121940100,43.183719,-100.961421,1
2014,46137940400,45.472334,-101.728776,1
2014,46137941100,45.226157,-101.704695,1
2014,46137941200,44.75309,-101.673386,1
2014,46137941400,44.841397,-101.313191,1
2014,47005963200,35.888473,-88.056997,1
2014,47029980400,35.882056,-83.010416,1
2014,47031970300,35.608179,-86.208787,1
2014,47055980600,35.056037,-87.159281,1
2014,47059091500,36.344267,-82.700769,1
2014,47097050100,35.743195,-89.761586,1
2014,47099960200,35.308092,-87.507317,1
2014,47119010100,35.763015,-87.153226,1
2014,47129110100,36.256755,-84.71589,1
2014,48001950200,31.897511,-95.79979,1
2014,48001950300,31.983919,-95.923846,1
2014,48001950400,31.754492,-95.858209,1
2014,48019980200,29.786685,-99.384829,1
2014,48021950800,30.023611,-97.502397,1
2014,48025950100,28.595683,-97.861768,1
2014,48025950600,28.21799,-97.690435,1
2014,48033950100,32.724363,-101.435736,1
2014,48043950100,30.043412,-103.086745,1
2014,48043950200,29.813332,-103.51427,1
2014,48047950100,27.069574,-98.229668,1
2014,48067950200,33.196452,-94.460753,1
2014,48071710600,29.536425,-94.809557,1
2014,48077030302,33.632476,-98.172947,1
2014,48089750200,29.464263,-96.513437,1
2014,48109950100,31.380012,-104.461928,1
2014,48111950100,36.241161,-102.71148,1
2014,48117950200,34.93278,-102.646662,1
2014,48127950100,28.563874,-99.545125,1
2014,48127950300,28.366789,-99.702735,1
2014,48131950300,27.610656,-98.60299,1
2014,48131950400,27.413867,-98.520094,1
2014,48135002200,31.881692,-102.600732,1
2014,48137950100,30.175256,-100.180203,1
2014,48137950200,29.86904,-100.325252,1
2014,48141010319,31.916295,-106.065651,1
2014,48143950100,32.394328,-98.210416,1
2014,48147950201,33.739277,-96.113426,1
2014,48177990100,29.658015,-97.379441,1
2014,48177990600,29.288221,-97.547146,1
2014,48179950100,35.381106,-100.817298,1
2014,48185180301,30.63188,-96.030053,1
2014,48191950400,34.490157,-100.700552,1
2014,48199030100,30.333897,-94.571306,1
2014,48205950200,35.871789,-102.553501,1
2014,48211950100,35.796936,-100.224031,1
2014,48215024301,26.576991,-98.14196,1
2014,48223950100,33.28742,-95.510924,1
2014,48225950200,31.224481,-95.635129,1
2014,48229950100,31.703925,-105.533277,1
2014,48237950400,33.084666,-98.057265,1
2014,48239950100,28.890628,-96.473366,1
2014,48243950100,30.680228,-104.130908,1
2014,48247950400,27.086128,-98.676972,1
2014,48259970100,29.992298,-98.731119,1
2014,48261950100,26.860843,-97.739,1
2014,48269950100,33.605457,-100.254446,1
2014,48275950100,33.578919,-99.798639,1
2014,48283950200,28.113535,-99.24754,1
2014,48291700400,30.251105,-94.911436,1
2014,48291700500,30.368724,-94.885591,1
2014,48291700600,30.424246,-94.768958,1
2014,48295950300,36.241687,-100.179735,1
2014,48301950100,31.813308,-103.608036,1
2014,48313980100,31.02608,-95.755175,1
2014,48315950100,32.791347,-94.173832,1
2014,48317950100,32.315834,-101.924852,1
2014,48321730500,28.767063,-95.875192,1
2014,48323950100,28.866339,-100.364516,1
2014,48323950201,28.515139,-100.298068,1
2014,48329010113,31.873657,-101.881397,1
2014,48331950500,30.729833,-96.813668,1
2014,48335950300,32.274883,-101.041663,1
2014,48353950500,32.284762,-100.442122,1
2014,48359950100,35.380046,-102.558258,1
2014,48371950100,31.080367,-102.58793,1
2014,48373210102,30.623695,-94.768605,1
2014,48373210500,30.788922,-94.754874,1
2014,48375014300,35.423534,-101.864224,1
2014,48377950100,30.220945,-104.212634,1
2014,48383950100,31.348795,-101.511612,1
2014,48387950100,33.579231,-94.843966,1
2014,48387950200,33.846172,-95.122475,1
2014,48389950100,31.421715,-103.667856,1
2014,48389950500,31.042478,-103.633824,1
2014,48391950100,28.348479,-96.975493,1
2014,48393950100,35.804817,-100.787162,1
2014,48419950600,31.735326,-93.907066,1
2014,48427950101,26.63761,-98.606806,1
2014,48443950100,30.23249,-102.126125,1
2014,48449950100,33.340155,-95.064215,1
2014,48461950100,31.403725,-101.942003,1
2014,48461950200,31.289228,-102.23174,1
2014,48465950100,29.842787,-101.13367,1
2014,48469000800,28.763535,-96.790811,1
2014,48469001300,28.63852,-97.047137,1
2014,48469001700,28.668115,-96.900585,1
2014,48475950100,31.510723,-103.045231,1
2014,48479001702,27.860385,-99.463484,1
2014,48479001803,27.387214,-99.143238,1
2014,48479001804,27.560657,-99.035593,1
2014,48493980201,29.189751,-98.32742,1
2014,48505950200,27.120535,-99.362637,1
2014,48507950100,28.950292,-99.618166,1
2014,49003960100,41.666254,-113.017571,1
2014,49005001600,41.633181,-111.626194,1
2014,49007000400,39.599963,-110.559647,1
2014,49007940100,39.630427,-110.00114,1
2014,49009990100,40.946917,-109.53425,1
2014,49013940100,40.123815,-110.083992,1
2014,49013940400,40.379823,-110.215965,1
2014,49015976100,38.983076,-110.35905,1
2014,49015976400,38.973163,-111.154834,1
2014,49017000100,37.924629,-111.232419,1
2014,49017000200,37.799332,-112.052453,1
2014,49019000100,38.823392,-109.47254,1
2014,49019940100,39.343167,-109.824156,1
2014,49021110200,37.893005,-113.121028,1
2014,49021110300,37.801591,-113.529026,1
2014,49023010200,39.728094,-112.390397,1
2014,49025130100,37.335881,-112.329035,1
2014,49027974200,39.12314,-113.294632,1
2014,49031980100,38.33407,-112.08688,1
2014,49037942000,37.198455,-109.327845,1
2014,49037942100,37.086032,-110.275929,1
2014,49041975200,38.716235,-111.864166,1
2014,49043994200,40.79729,-110.967892,1
2014,49045130600,40.445359,-113.182966,1
2014,49045130700,40.369825,-112.3671,1
2014,49047940100,40.01094,-109.545184,1
2014,49049010102,40.224331,-112.034583,1
2014,49049010302,39.970552,-111.328461,1
2014,49049940300,39.88647,-110.909664,1
2014,49051940300,40.146959,-111.110996,1
2014,49051992500,39.945033,-111.043415,1
2014,49055979100,38.30855,-111.339836,1
2014,50001960600,44.008652,-72.940581,1
2014,50009950300,44.558018,-71.750979,1
2014,50023954000,44.34069,-72.352113,1
2014,51015070100,38.152453,-79.371525,1
2014,51057950600,38.009968,-77.025125,1
2014,51083990100,36.864697,-78.760191,1
2014,51083990200,36.911459,-79.013828,1
2014,51143010700,36.863287,-79.215461,1
2014,51165011000,38.68902,-78.977085,1
2014,51169030300,36.787666,-82.61249,1
2014,53001950200,46.893158,-118.547136,1
2014,53003980100,46.214599,-117.160326,1
2014,53005012000,46.54625,-119.555484,1
2014,53007960100,47.848094,-120.394954,1
2014,53007960200,47.740038,-120.741816,1
2014,53009980100,48.35306,-124.640767,1
2014,53009980200,48.199238,-124.433647,1
2014,53009980600,48.085091,-123.73258,1
2014,53015001500,45.988953,-122.540992,1
2014,53015001800,46.248847,-122.500574,1
2014,53015002001,46.336953,-123.008566,1
2014,53017950100,47.887903,-119.694924,1
2014,53017950200,47.600176,-119.821661,1
2014,53019980100,48.760813,-118.423784,1
2014,53019980300,48.181514,-118.508245,1
2014,53021020700,46.475621,-118.750619,1
2014,53025980100,47.742564,-119.137678,1
2014,53025980200,47.311099,-119.183382,1
2014,53025980700,47.054485,-119.65155,1
2014,53027000300,47.25118,-123.835231,1
2014,53031950100,47.71907,-124.194797,1
2014,53033031502,47.237865,-121.68266,1
2014,53033032800,47.641654,-121.542921,1
2014,53037975700,46.927919,-120.342506,1
2014,53039950200,45.774192,-121.150842,1
2014,53041971700,46.448344,-122.54901,1
2014,53041972000,46.536122,-121.807986,1
2014,53047970100,48.21538,-118.964631,1
2014,53047970200,48.285006,-119.394137,1
2014,53047970900,48.645831,-120.280333,1
2014,53049950400,46.480086,-123.674572,1
2014,53051970200,48.400059,-117.268614,1
2014,53051970400,48.145603,-117.335002,1
2014,53053070100,47.042541,-121.814128,1
2014,53057951100,48.473238,-121.536802,1
2014,53057951200,48.382861,-122.016674,1
2014,53059950100,46.059329,-121.950512,1
2014,53061053801,47.853419,-121.545007,1
2014,53063010100,47.867835,-117.108668,1
2014,53063010201,47.944455,-117.252184,1
2014,53065950100,48.785904,-117.888348,1
2014,53065950600,48.551618,-117.678986,1
2014,53065950900,48.258025,-118.087084,1
2014,53065951000,47.928933,-118.045889,1
2014,53065951100,48.108376,-117.767338,1
2014,53065951400,47.863225,-117.653199,1
2014,53071920000,46.27824,-118.646059,1
2014,53073010100,48.802011,-121.918107,1
2014,53075001000,46.689059,-117.576567,1
2014,53077002702,46.265851,-120.815699,1
2014,53077003000,46.736261,-120.967803,1
2014,54053954900,38.791313,-81.956975,1
2014,54087963100,38.634093,-81.234222,1
2014,54097967000,38.842247,-80.31064,1
2014,55003000000,46.917986,-90.547313,1
2014,55007000000,46.884217,-91.049244,1
2014,55029000000,45.020679,-87.010079,1
2014,55031000000,46.752613,-91.764293,1
2014,55041950100,45.79505,-88.818837,1
2014,55051000000,46.711563,-90.408056,1
2014,55053960100,44.294373,-90.638474,1
2014,55061000000,44.501551,-87.114947,1
2014,55067960500,45.24383,-88.803594,1
2014,55069980400,45.290283,-89.880608,1
2014,55071000000,44.077444,-87.332956,1
2014,55085971000,45.747887,-89.848727,1
2014,55101000000,42.753119,-87.412814,1
2014,55113980500,45.958464,-91.240193,1
2014,55117000000,43.585811,-87.440688,1
2014,55119980200,45.274109,-90.55753,1
2014,56001963900,41.437642,-105.796176,1
2014,56003992600,44.327043,-107.831364,1
2014,56005000100,43.877459,-105.486622,1
2014,56005000700,44.529568,-105.524722,1
2014,56009956600,42.881693,-105.514539,1
2014,56013000300,42.800632,-108.251141,1
2014,56013940100,43.230396,-108.987877,1
2014,56015957700,42.284701,-104.413548,1
2014,56015958000,41.893072,-104.307934,1
2014,56017940100,43.625238,-108.902302,1
2014,56017940200,43.629781,-108.459884,1
2014,56019955100,44.002805,-106.54004,1
2014,56021001900,41.297839,-104.966475,1
2014,56023978200,41.960434,-110.542411,1
2014,56025001401,43.205381,-106.289151,1
2014,56025001800,42.817503,-106.703304,1
2014,56027957200,43.030478,-104.483461,1
2014,56031959100,42.39036,-104.913896,1
2014,56033000500,44.708666,-106.752943,1
2014,56035000100,42.750949,-109.991147,1
2014,56037970500,41.696479,-109.688411,1
2014,56037970700,41.275765,-109.72932,1
2014,56037971600,41.735257,-108.660117,1
2014,56043000200,43.935181,-107.706081,1
2014,56045951100,43.87979,-104.562398,1
2014,72097000000,18.375659,-67.487147,1
